appsbox.gif,2002-02-24T12:26:58
buttons.gif,2002-02-24T12:35:24
castle.gif,2002-03-18T15:14:09
castlesm.gif,2002-03-20T16:19:38
ckb2.gif,1998-06-18T10:17:00
colors.gif,2002-06-04T01:00:00
colorssm.gif,2002-06-04T01:00:00
courier.gif,2002-06-04T01:00:00
crown_sm.gif,2002-06-04T01:00:00
crownico.gif,2002-06-04T01:00:00
cxmenu.gif,2002-06-04T01:00:00
cxtype.gif,2002-03-02T15:27:39
debug.gif,2002-03-18T15:26:50
debug_sm.gif,2002-03-18T15:30:04
dial.jpg,2002-06-04T01:00:00
dial_ico.gif,2002-06-04T01:00:00
dial_sm.jpg,2002-06-04T01:00:00
dialdir.gif,2002-03-02T16:32:12
dialer.gif,2002-06-04T01:00:00
dialopts.gif,2002-06-04T01:00:00
dialproc.gif,1998-06-18T10:17:00
evermont.gif,2002-06-04T01:00:00
fedworld.gif,2002-06-04T01:00:00
filemenu.gif,2002-06-04T01:00:00
ftpset.gif,2002-03-20T16:19:39
general.gif,2002-03-02T15:03:25
glass.gif,2002-06-04T01:00:00
glass2.gif,2002-10-24T02:10:00
glass2sm.gif,2002-10-24T02:10:00
glass_sm.gif,2002-03-18T15:29:28
guilocus.gif,2002-06-04T01:00:00
guiopen.gif,2002-06-04T01:00:00
guiopen2.gif,2002-06-04T01:00:00
guipage.gif,2003-01-01T03:13:00
guipopup.gif,2002-06-04T01:00:00
guiscrn.gif,2002-10-24T02:10:00
guiscrsm.gif,2002-06-04T01:00:00
guistat.gif,2002-06-04T01:00:00
guitools.gif,2002-06-04T01:00:00
help.gif,2000-02-16T01:19:00
helpmen.gif,2002-06-04T01:00:00
k95g.gif,2002-06-04T01:00:00
k95red.gif,1998-06-18T10:17:00
kerbpage.gif,2002-03-02T17:55:28
keyboard.gif,2002-03-03T19:34:15
kucs2.gif,2002-06-04T01:00:00
locale.gif,1998-06-18T10:17:00
locgen.gif,1998-06-18T10:17:00
locintl.gif,1998-06-18T10:17:00
locloc.gif,1998-06-18T10:17:00
loclong.gif,1998-06-18T10:17:00
locpbx.gif,1998-06-18T10:17:00
loctf.gif,1998-06-18T10:17:00
login.gif,2002-03-02T18:13:51
logspage.gif,2002-03-02T18:15:21
lynx.gif,2002-06-04T01:00:00
lynx2.gif,2002-06-04T01:00:00
lynxsm.gif,2002-06-04T01:00:00
mdmcfg.gif,1998-06-18T10:17:00
mdmdef.gif,1998-06-18T10:17:00
menu.gif,2002-03-18T15:10:01
menu_sm.gif,2002-03-18T15:31:40
menubar.gif,2002-06-04T01:00:00
metro.gif,2002-03-18T14:58:29
metro_sm.gif,2002-03-18T15:28:43
mousehlp.gif,1998-06-18T10:17:00
newloc.gif,1998-06-18T10:17:00
notempla.gif,2002-03-20T16:19:39
nyc_100.jpg,2002-06-04T01:00:00
nyc_95.jpg,2002-06-04T01:00:00
pano2.jpg,2002-06-04T01:00:00
popup.gif,2002-06-04T01:00:00
printer.gif,2002-03-03T19:35:00
quick.gif,2002-02-24T12:47:52
rclick.gif,2002-03-20T16:19:39
rollback.gif,1998-06-18T10:17:00
serial.gif,2002-03-02T17:50:45
shoterm.gif,1998-06-18T10:17:00
showterm.gif,2000-02-16T01:19:00
status.gif,2002-02-24T12:06:18
tcppage.gif,2002-10-24T02:10:00
telnet.gif,2002-06-04T01:00:00
termpage.gif,2002-10-24T02:10:00
tlspage.gif,2002-06-04T01:00:00
uhoh.gif,2002-03-02T16:43:49
url.gif,2002-03-18T15:24:59
url_sm.gif,2002-03-18T15:51:40
view.gif,2002-06-04T01:00:00
vm3270.gif,2002-03-18T15:12:50
vm3270sm.gif,2002-03-20T16:19:39
white.gif,2002-03-21T11:31:18
white_sm.gif,2002-03-21T11:31:18
xferdpy.gif,2002-03-20T10:07:23
xferpage.gif,2002-03-02T17:19:11